{
  "clip-0-intro": {
    "b1": 22.848435,
    "b2": 19.644082,
    "b3": 25.44907,
    "b4": 28.189025,
    "b5": 14.721451,
    "b6": 10.913379,
    "b7": 14.535692,
    "b8": 9.705941,
    "b9": 27.910385,
    "b10": 19.644082
  },
  "clip-1-my-day": {
    "b1": 13.560454,
    "b2": 9.705941,
    "b3": 16.439728,
    "b4": 12.074376,
    "b5": 10.07746
  },
  "clip-2-clock-status": {
    "b1": 13.606893,
    "b2": 21.408798,
    "b3": 13.978413,
    "b4": 14.117732
  },
  "clip-3-daily-wrap": {
    "b1": 15.46449,
    "b2": 16.950567,
    "b3": 11.238458
  },
  "clip-4-estimate-piwm": {
    "b1": 21.687438,
    "b2": 15.696689,
    "b3": 20.805079,
    "b4": 14.767891,
    "b5": 23.080635,
    "b6": 18.111565
  },
  "clip-5-ask-field-guide": {
    "b1": 12.956735,
    "b2": 18.343764,
    "b3": 15.13941,
    "b4": 19.690522
  },
  "clip-6-receipts-photos": {
    "b1": 13.514014,
    "b2": 15.41805,
    "b3": 18.854603
  }
}
