{
  "clip-0-intro": {
    "b1": 14.767891,
    "b2": 13.328254,
    "b3": 7.430385,
    "b4": 19.829841,
    "b5": 11.563537,
    "b6": 13.606893
  },
  "clip-1-my-day": {
    "b1": 14.721451,
    "b2": 10.216780,
    "b3": 17.832925,
    "b4": 13.514014,
    "b5": 11.377778
  },
  "clip-2-clock-status": {
    "b1": 14.442812,
    "b2": 21.548118,
    "b3": 14.721451,
    "b4": 14.535692
  },
  "clip-3-daily-wrap": {
    "b1": 15.371610,
    "b2": 17.368526,
    "b3": 11.284898
  },
  "clip-4-estimate-piwm": {
    "b1": 23.498594,
    "b2": 16.346848,
    "b3": 20.154921,
    "b4": 14.349932,
    "b5": 23.823673,
    "b6": 19.319002
  },
  "clip-5-ask-field-guide": {
    "b1": 11.749297,
    "b2": 18.297324,
    "b3": 18.668844,
    "b4": 21.362358
  },
  "clip-6-receipts-photos": {
    "b1": 14.210612,
    "b2": 15.510930,
    "b3": 20.712200
  }
}
