{
  "clip-0-intro": {
    "b1": 14.767891,
    "b2": 13.328254,
    "b3": 7.430385,
    "b4": 19.829841,
    "b5": 11.563537,
    "b6": 13.606893
  },
  "clip-1-my-day": {
    "b1": 14.721451,
    "b2": 10.216780,
    "b3": 17.832925,
    "b4": 13.514014,
    "b5": 11.377778
  }
}
