{
  "clip-0-intro": {
    "b1": 22.848435,
    "b2": 19.644082,
    "b3": 25.44907,
    "b4": 28.189025,
    "b5": 14.721451,
    "b6": 10.913379,
    "b7": 14.535692,
    "b8": 9.705941,
    "b9": 27.910385,
    "b10": 19.644082
  },
  "clip-1-my-day": {
    "b1": 14.721451,
    "b2": 10.21678,
    "b3": 17.832925,
    "b4": 13.514014,
    "b5": 11.377778
  },
  "clip-2-clock-status": {
    "b1": 14.442812,
    "b2": 21.548118,
    "b3": 14.721451,
    "b4": 14.535692
  },
  "clip-3-daily-wrap": {
    "b1": 15.37161,
    "b2": 17.368526,
    "b3": 11.284898
  },
  "clip-4-estimate-piwm": {
    "b1": 23.498594,
    "b2": 16.346848,
    "b3": 20.154921,
    "b4": 14.349932,
    "b5": 23.823673,
    "b6": 19.319002
  },
  "clip-5-ask-field-guide": {
    "b1": 11.749297,
    "b2": 18.297324,
    "b3": 18.668844,
    "b4": 21.362358
  },
  "clip-6-receipts-photos": {
    "b1": 14.210612,
    "b2": 15.51093,
    "b3": 20.7122
  }
}